{
    "providers": [
        {
            "type": "bitmap",
            "file": "minecraft:font/игрок.png",
            "ascent": 7,
            "height": 7,
            "chars": [
                    "\u0A05"
                ]
        },
        {
            "type": "bitmap",
            "file": "minecraft:font/админ.png",
            "ascent": 7,
            "height": 7,
            "chars": [
                    "\u0A06"
                ]
        },
		        {
            "type": "bitmap",
            "file": "minecraft:font/голый_админ.png",
            "ascent": 7,
            "height": 7,
            "chars": [
                    "\u0A07"
                ]
        },
				        {
            "type": "bitmap",
            "file": "minecraft:font/ивентолог.png",
            "ascent": 7,
            "height": 7,
            "chars": [
                    "\u0A08"
                ]
        },
						        {
            "type": "bitmap",
            "file": "minecraft:font/стажёр.png",
            "ascent": 7,
            "height": 7,
            "chars": [
                    "\u0A09"
                ]
        },
								        {
            "type": "bitmap",
            "file": "minecraft:font/донатер.png",
            "ascent": 7,
            "height": 7,
            "chars": [
                    "\u0A0A"
                ]
        },
										        {
            "type": "bitmap",
            "file": "minecraft:font/друг.png",
            "ascent": 7,
            "height": 7,
            "chars": [
                    "\u0A0F"
                ]
        },
												        {
            "type": "bitmap",
            "file": "minecraft:font/спонсор.png",
            "ascent": 7,
            "height": 7,
            "chars": [
                    "\u0A10"
                ]
        },
														        {
            "type": "bitmap",
            "file": "minecraft:font/пупсик.png",
            "ascent": 7,
            "height": 7,
            "chars": [
                    "\u0A13"
                ]
        },
																														        {
            "type": "bitmap",
            "file": "minecraft:font/нерас.png",
            "ascent": 7,
            "height": 7,
            "chars": [
                    "\u0A15"
                ]
        },
																														        {
            "type": "bitmap",
            "file": "minecraft:font/алый_свет.png",
            "ascent": 7,
            "height": 7,
            "chars": [
                    "\u0A14"
                ]
        },
																																														        {
            "type": "bitmap",
            "file": "minecraft:font/соль.png",
            "ascent": 7,
            "height": 7,
            "chars": [
                    "\u0A16"
                ]
        },
    																																														        {
            "type": "bitmap",
            "file": "minecraft:font/спонсор.png",
            "ascent": 7,
            "height": 7,
            "chars": [
                    "\u03FF"
                ]
        }
	]

}